Accuracy,Precision,Recall,F1_Score,Test_Accuracy,Test_F1,Avg_Similarity,Coverage_%,Diversity_%,Personalization,Hit_Rate,MRR
0.8333333333333334,0.7333333333333334,0.8333333333333334,0.7708333333333334,0.8333333333333334,0.8323412698412698,0.2541310009912452,13.200000000000001,50.0,0.9020414130564507,0.175,0.13125
